Date,"Node ID","Node Name",TLN,"Pole ID","Threshold 1","Template Name","Threshold 2","X1 Lowest Value","X1 Duration","X3 Lowest Value","X3 Duration",Substation,Feeder,"IEEE Class",Direction,"Event Type",Resolved,Username,"Date Resolved","X1 Avg. Peak Value","X3 Avg. Peak Value","Service Center","Substation ID","Feeder ID",Address,"Operating KVA",Phase,Loop,"Operating Voltage","Secondary Voltage","Transformer ID","Unit Record Global ID","Parent Global ID","Oil Fill Type",Solar,"Critical Infrastructure","Transformer PT Ratio","Transformer CT Ratio",Waveform,"Tx Type","Cable Kit","Lateral Type","Lateral ID","Switch Number",Latitude,Longitude,"HW Version","Rated HV","Pole Color","Pole Height","Pole Type","Serial Number",HDOP,"Manufacturer Name","Median Latitude","Median Longitude","Circuit Type","Nominal Voltage","X1 % of Nominal","X3 % of Nominal"
"05/15/2026 10:09:53 PM",862754052845129,2414UTMF03566,,,7,Vsag,0.6,112.18,1.395,114.15,0,,,"Instantaneous Sag",,,False,,,150.6,153.22,,,,,15,,,,,,,,,,,,,No,"1P Aerial",4,42,,,-2.898219,-79.018089,D2,,,,,2414UTMF03566,0.6,,-2.908065,-79.057373,,120,93.49,95.13
"05/15/2026 10:09:52 PM",862754052845129,2414UTMF03566,,,7,Vsag,0.6,111.94,21.683,113.91,0,,,"Instantaneous Sag",,,False,,,150.83,153.45,,,,,15,,,,,,,,,,,,,No,"1P Aerial",4,42,,,-2.898219,-79.018089,D2,,,,,2414UTMF03566,0.6,,-2.908065,-79.057373,,120,93.28,94.93
"05/15/2026 10:09:52 PM",862754052845129,2414UTMF03566,,,7,Vsag,0.6,112.06,22.067,114.06,0,,,"Instantaneous Sag",,,False,,,5.15,5.24,,,,,15,,,,,,,,,,,,,No,"1P Aerial",4,42,,,-2.898219,-79.018089,D2,,,,,2414UTMF03566,0.6,,-2.908065,-79.057373,,120,93.39,95.05
"05/15/2026 10:09:51 PM",862754052845129,2414UTMF03566,,,7,Vsag,0.6,112.03,31.532,113.99,0,,,"Momentary Sag",,,False,,,25.06,25.49,,,,,15,,,,,,,,,,,,,No,"1P Aerial",4,42,,,-2.898219,-79.018089,D2,,,,,2414UTMF03566,0.6,,-2.908065,-79.057373,,120,93.36,94.99
"05/15/2026 10:09:50 PM",862754052845129,2414UTMF03566,,,7,Vsag,0.6,111.91,46.502,113.83,0,,,"Momentary Sag",,,False,,,33.08,33.62,,,,,15,,,,,,,,,,,,,No,"1P Aerial",4,42,,,-2.898219,-79.018089,D2,,,,,2414UTMF03566,0.6,,-2.908065,-79.057373,,120,93.26,94.86
"05/15/2026 10:09:50 PM",862754052845129,2414UTMF03566,,,7,Vsag,0.6,111.78,44.967,113.75,0,,,"Momentary Sag",,,False,,,112.64,114.52,,,,,15,,,,,,,,,,,,,No,"1P Aerial",4,42,,,-2.898219,-79.018089,D2,,,,,2414UTMF03566,0.6,,-2.908065,-79.057373,,120,93.15,94.79
"05/15/2026 10:09:49 PM",862754052845129,2414UTMF03566,,,7,Vsag,0.6,112.17,159.641,113.94,0,,,"Momentary Sag",,,False,,,113.2,115,,,,,15,,,,,,,,,,,,,No,"1P Aerial",4,42,,,-2.898219,-79.018089,D2,,,,,2414UTMF03566,0.6,,-2.908065,-79.057373,,120,93.47,94.95
"05/15/2026 10:09:22 PM",862754052845129,2414UTMF03566,,,7,Vsag,0.6,112.19,1.375,114.32,0,,,"Instantaneous Sag",,,False,,,197.84,201.58,,,,,15,,,,,,,,,,,,,No,"1P Aerial",4,42,,,-2.898219,-79.018089,D2,,,,,2414UTMF03566,0.6,,-2.908065,-79.057373,,120,93.49,95.26
"05/15/2026 10:09:03 PM",862754052845129,2414UTMF03566,,,7,Vsag,0.6,107.82,389.689,111.08,0,,,"Temporary Sag",,,False,,,113.05,115.45,,,,,15,,,,,,,,,,,,,No,"1P Aerial",4,42,,,-2.898219,-79.018089,D2,,,,,2414UTMF03566,0.6,,-2.908065,-79.057373,,120,89.85,92.57
"05/15/2026 10:08:21 PM",862754052845129,2414UTMF03566,,,7,Vsag,0.6,111.98,463.343,114.69,0,,,"Temporary Sag",,,False,,,112.95,115.52,,,,,15,,,,,,,,,,,,,No,"1P Aerial",4,42,,,-2.898219,-79.018089,D2,,,,,2414UTMF03566,0.6,,-2.908065,-79.057373,,120,93.32,95.57
"05/15/2026 10:06:38 PM",862754052845129,2414UTMF03566,,,7,Vsag,0.6,112.5,4.705,115.46,0,,,"Instantaneous Sag",,,False,,,113.54,116.26,,,,,15,,,,,,,,,,,,,No,"1P Aerial",4,42,,,-2.898219,-79.018089,D2,,,,,2414UTMF03566,0.6,,-2.908065,-79.057373,,120,93.75,96.22
"05/15/2026 10:06:28 PM",862754052845129,2414UTMF03566,,,7,Vsag,0.6,111.35,17.941,115.38,0,,,"Instantaneous Sag",Indeterminate,Indeterminate,False,,,112.71,116.04,,,,,15,,,,,,,,,,,,,Yes,"1P Aerial",4,42,,,-2.898219,-79.018089,D2,,,,,2414UTMF03566,0.6,,-2.908065,-79.057373,,120,92.79,96.15
"05/15/2026 10:01:35 PM",862754052845129,2414UTMF03566,,,7,Vsag,0.6,112.22,1.463,115.11,0,,,"Instantaneous Sag",Indeterminate,Indeterminate,False,,,113.04,115.89,,,,,15,,,,,,,,,,,,,Yes,"1P Aerial",4,42,,,-2.898219,-79.018089,D2,,,,,2414UTMF03566,0.6,,-2.908065,-79.057373,,120,93.52,95.92
"05/15/2026 10:01:15 PM",862754052845129,2414UTMF03566,,,7,Vsag,0.6,112.02,572.815,114.87,0,,,"Temporary Sag",,,False,,,113.21,116.15,,,,,15,,,,,,,,,,,,,No,"1P Aerial",4,42,,,-2.898219,-79.018089,D2,,,,,2414UTMF03566,0.6,,-2.908065,-79.057373,,120,93.35,95.73
"05/15/2026 10:01:04 PM",862754052845129,2414UTMF03566,,,7,Vsag,0.6,108.61,20.965,112.5,0,,,"Instantaneous Sag",Indeterminate,Indeterminate,False,,,110.91,114.37,,,,,15,,,,,,,,,,,,,Yes,"1P Aerial",4,42,,,-2.898219,-79.018089,D2,,,,,2414UTMF03566,0.6,,-2.908065,-79.057373,,120,90.51,93.75
"05/15/2026 08:51:51 PM",862754052845129,2414UTMF03566,,,7,Vsag,0.6,111.23,13.935,114.12,0,,,"Instantaneous Sag",Indeterminate,Indeterminate,False,,,114.18,116.42,,,,,15,,,,,,,,,,,,,Yes,"1P Aerial",4,42,,,-2.898219,-79.018089,D2,,,,,2414UTMF03566,0.6,,-2.908065,-79.057373,,120,92.69,95.1
"05/15/2026 08:46:17 PM",862754052845129,2414UTMF03566,,,7,Vsag,0.6,112.18,1.457,114.45,0,,,"Instantaneous Sag",Indeterminate,Indeterminate,False,,,116.9,117.94,,,,,15,,,,,,,,,,,,,Yes,"1P Aerial",4,42,,,-2.898219,-79.018089,D2,,,,,2414UTMF03566,0.6,,-2.908065,-79.057373,,120,93.49,95.38
"05/15/2026 08:35:08 PM",862754052845129,2414UTMF03566,,,7,Vsag,0.6,110.44,16.422,113.52,0,,,"Instantaneous Sag",Indeterminate,Indeterminate,False,,,112.97,115.52,,,,,15,,,,,,,,,,,,,Yes,"1P Aerial",4,42,,,-2.898219,-79.018089,D2,,,,,2414UTMF03566,0.6,,-2.908065,-79.057373,,120,92.03,94.6
"05/15/2026 08:11:18 PM",862754052845129,2414UTMF03566,,,7,Vsag,0.6,111.18,14.918,113.88,0,,,"Instantaneous Sag",,,False,,,113.86,115.91,,,,,15,,,,,,,,,,,,,No,"1P Aerial",4,42,,,-2.898219,-79.018089,D2,,,,,2414UTMF03566,0.6,,-2.908065,-79.057373,,120,92.65,94.9
"05/10/2026 06:50:52 AM",862754052845129,2414UTMF03566,,,7,Vsag,0.6,99.88,4.89,99.53,4.897,,,"Instantaneous Sag",Indeterminate,Indeterminate,False,,,119.77,119.43,,,,,15,,,,,,,,,,,,,Yes,"1P Aerial",4,42,,,-2.898219,-79.018089,D2,,,,,2414UTMF03566,0.6,,-2.908065,-79.057373,,120,83.23,82.94
"05/07/2026 05:06:33 PM",862754052845129,2414UTMF03566,,,7,Vsag,0.6,108.11,8.36,108.33,8.374,,,"Instantaneous Sag",Indeterminate,Indeterminate,False,,,117.21,117.39,,,,,15,,,,,,,,,,,,,Yes,"1P Aerial",4,42,,,-2.898219,-79.018089,D2,,,,,2414UTMF03566,0.6,,-2.908065,-79.057373,,120,90.09,90.27
"05/07/2026 05:04:27 PM",862754052845129,2414UTMF03566,,,7,Vsag,0.6,91.64,7.376,91.96,7.381,,,"Instantaneous Sag",Indeterminate,Indeterminate,False,,,114.41,114.72,,,,,15,,,,,,,,,,,,,Yes,"1P Aerial",4,42,,,-2.898219,-79.018089,D2,,,,,2414UTMF03566,0.6,,-2.908065,-79.057373,,120,76.36,76.63
"04/27/2026 04:52:51 PM",862754052845129,2414UTMF03566,,,7,Vsag,0.6,107.35,46.375,107.61,46.376,,,"Momentary Sag",,,False,,,110.3,110.53,,,,,15,,,,,,,,,,,,,Yes,"1P Aerial",4,42,,,-2.898219,-79.018089,D2,,,,,2414UTMF03566,0.6,,-2.908065,-79.057373,,120,89.46,89.68
"04/27/2026 04:52:38 PM",862754052845129,2414UTMF03566,,,7,Vsag,0.6,120.22,187.579,120.57,187.574,,,"Temporary Sag",,,False,,,120.71,120.95,,,,,15,,,,,,,,,,,,,No,"1P Aerial",4,42,,,-2.898219,-79.018089,D2,,,,,2414UTMF03566,0.6,,-2.908065,-79.057373,,120,100.19,100.47
"04/27/2026 04:52:22 PM",862754052845129,2414UTMF03566,,,7,Vsag,0.6,107.09,48.341,107.17,48.353,,,"Momentary Sag",,,False,,,110.45,110.55,,,,,15,,,,,,,,,,,,,Yes,"1P Aerial",4,42,,,-2.898219,-79.018089,D2,,,,,2414UTMF03566,0.6,,-2.908065,-79.057373,,120,89.24,89.31
"04/26/2026 07:53:19 PM",862754052845129,2414UTMF03566,,,7,Vsag,0.6,86.45,7.893,85.65,7.9,,,"Instantaneous Sag",,,False,,,110.01,109.83,,,,,15,,,,,,,,,,,,,Yes,"1P Aerial",4,42,,,-2.898219,-79.018089,D2,,,,,2414UTMF03566,0.6,,-2.908065,-79.057373,,120,72.04,71.38
"04/24/2026 02:24:58 AM",862754052845129,2414UTMF03566,,,7,Vsag,0.6,99.01,7.908,98.55,7.923,,,"Instantaneous Sag",,,False,,,112.22,112.12,,,,,15,,,,,,,,,,,,,Yes,"1P Aerial",4,42,,,-2.898219,-79.018089,D2,,,,,2414UTMF03566,0.6,,-2.908065,-79.057373,,120,82.51,82.13
"04/22/2026 03:28:23 PM",862754052845129,2414UTMF03566,,,7,Vsag,0.6,106,18.897,106.27,18.438,,,"Instantaneous Sag",,,False,,,111.55,111.78,,,,,15,,,,,,,,,,,,,Yes,"1P Aerial",4,42,,,-2.898219,-79.018089,D2,,,,,2414UTMF03566,0.6,,-2.908065,-79.057373,,120,88.33,88.56
"04/19/2026 03:48:08 PM",862754052845129,2414UTMF03566,,,7,Vsag,0.6,111.78,4.454,111.77,4.466,,,"Instantaneous Sag",,,False,,,114.08,114.23,,,,,15,,,,,,,,,,,,,Yes,"1P Aerial",4,42,,,-2.898219,-79.018089,D2,,,,,2414UTMF03566,0.6,,-2.908065,-79.057373,,120,93.15,93.14
"04/18/2026 03:10:57 PM",862754052845129,2414UTMF03566,,,7,Vsag,0.6,96.84,23.906,96.86,23.918,,,"Instantaneous Sag",,,False,,,109.46,109.5,,,,,15,,,,,,,,,,,,,Yes,"1P Aerial",4,42,,,-2.898219,-79.018089,D2,,,,,2414UTMF03566,0.6,,-2.908065,-79.057373,,120,80.7,80.72
"04/17/2026 02:30:44 PM",862754052845129,2414UTMF03566,,,7,Vsag,0.6,117.93,0,109.17,87.303,,,"Momentary Sag",,,False,,,118.88,110.9,,,,,15,,,,,,,,,,,,,Yes,"1P Aerial",4,42,,,-2.898219,-79.018089,D2,,,,,2414UTMF03566,0.6,,-2.908065,-79.057373,,120,98.28,90.98
"04/17/2026 06:36:08 AM",862754052845129,2414UTMF03566,,,7,Vsag,0.6,40.64,3.97,41.38,3.983,,,"Instantaneous Sag",,,False,,,117.18,117.15,,,,,15,,,,,,,,,,,,,Yes,"1P Aerial",4,42,,,-2.898219,-79.018089,D2,,,,,2414UTMF03566,0.6,,-2.908065,-79.057373,,120,33.87,34.49
